run,p.air.att.ingress_loss,p.air.att.approach_loss,p.air.att.suppression,p.air.att.interdiction,p.air.att.cas,p.mass.aircraft,p.mass.capacity,p.mass.dz_loss,p.mass.reserve_aircraft,p.mass.reserve_capacity,p.mass.reserve_dz,p.mass.t_reserve,p.hold.strength,p.hold.quality,p.hold.dug_in,p.hold.base_hazard,p.hold.ammo_out_h,p.hold.decision_h,p.hold.comms_loss,p.hold.fog,p.hold.night_moves,p.response.t_ca,p.response.strength,p.response.commit_h,p.response.withdraw_ratio,p.denial.obstacles0,p.denial.t_fires,p.denial.fire_intensity,p.denial.crater_rate,p.denial.demolish_rate,p.risk.tolerance,p.risk.land_contested,p.ctx.aircraft,p.ctx.troops_per_aircraft,p.ctx.wave1_t,p.ctx.wave2_t,p.ctx.loiter_h,p.ctx.t_relief,p.ctx.relief_strength,p.ctx.night_limited_air,p.ctx.wreck_obstacle,p.mech.kill_rate,p.mech.ratio_coeff,p.mech.casualty_coeff,p.mech.ammo_hazard,p.mech.go_width,p.mech.info_lag_h,p.mech.contested_risk,p.doctrine.hasty_defense,p.doctrine.clear_rate,m.landed,m.t_airbridge,m.airbridge,m.t_first_landing,m.transports_lost,m.t_control,m.attacker_ever_controls,m.attacker_lost_control,m.attacker_holds_end,m.defender_retakes,m.runway_end,m.losses_attacker,m.losses_defender
0,0.0415007511590903,0.02761230767085189,0.0936036285034767,0.043079449261425304,1.001477365518012,20.0,15.0,0.08028471612872731,0.0,12.0,0.0,30.0,200.36609486002243,0.5059791497131905,1.3,0.02118913518617054,1.691188816256289,0.0,0.0,0.0,0.0,5.681579332769701,884.7872768291168,8.775265900806662,2.0,0.5913939804899462,6.352856778416005,0.6228847334657311,0.09229564311553229,0.5296040839102953,0.0464554525984166,0.0,18.0,55.0,3.9294286709414834,27.981577110741583,1.5,22.04174847798418,1500.0,0.0,0.02,0.01,0.1,0.3,2.0,0.02,0.0,0.35,1.2,0.15,990.0,4.25,True,4.25,0,1.75,True,True,True,True,0.0,242.0,246.0
1,0.07998626559425881,0.03044747144607205,0.0809257275802841,0.12363258244704947,1.0712274540492481,20.0,15.0,0.047097306375587136,0.0,12.0,0.0,30.0,211.9290964402444,0.6536942847839939,1.3,0.01593024067101552,2.9939213008504355,0.0,0.0,0.0,0.0,5.518650272996592,806.7370216273816,13.071533161788722,2.0,0.6179345486761592,6.400603573055619,0.8282349125800998,0.10827136283599786,0.4461780152962841,0.06273194384474046,0.0,18.0,55.0,4.009230942096353,25.404362524147388,1.5,24.833341436671088,1500.0,0.0,0.02,0.01,0.1,0.3,2.0,0.02,0.0,0.35,1.2,0.15,990.0,4.75,True,4.75,0,3.0,True,False,True,False,0.0,5.999999999999943,11.0
2,0.09352833432107373,0.025438363605133903,0.06130084131738714,0.004521261444544439,1.0330616944951656,20.0,15.0,0.030612894239594998,0.0,12.0,0.0,30.0,189.08036487475675,0.5995246843168265,1.3,0.01229013939592181,2.2713654539043886,0.0,0.0,0.0,0.0,6.607713325311693,651.3113548310728,11.864963034481704,2.0,0.7799495257224504,6.6669847478470965,0.9520550168305457,0.0992283968195132,0.30341136076109043,0.055146322679013066,0.0,18.0,55.0,4.450586815668968,25.37569163444882,1.5,23.67374156246776,1500.0,0.0,0.02,0.01,0.1,0.3,2.0,0.02,0.0,0.35,1.2,0.15,962.5,5.0,True,5.0,1,2.0,True,True,True,False,0.0,190.99999999999991,175.0
3,0.06088363658469157,0.04378128981834738,0.17180637838675805,0.12544103519330582,1.0181613983717615,20.0,15.0,0.0579021168687535,0.0,12.0,0.0,30.0,191.85153324733642,0.5857091582892944,1.3,0.019842452848349287,2.8116038262647134,0.0,0.0,0.0,0.0,5.566451149148161,721.4607577709594,8.60192419232077,2.0,0.5080065763043673,6.351398221460431,0.7493701215439472,0.06058810897034237,0.3946696161898751,0.07987830713669145,0.0,18.0,55.0,5.732555474411785,24.904567290358294,1.5,27.215682477452603,1500.0,0.0,0.02,0.01,0.1,0.3,2.0,0.02,0.0,0.35,1.2,0.15,0.0,,False,,0,3.0,True,True,True,True,0.0,111.0,120.0
4,0.09721563211988436,0.059951642195574625,0.1688379093954548,0.027316221645984694,1.0566544035484253,20.0,15.0,0.08043641496083007,0.0,12.0,0.0,30.0,201.03261962160414,0.6561941362573528,1.3,0.016101124253577615,2.0847181101158627,0.0,0.0,0.0,0.0,6.1866223227003365,657.614384502079,10.605043722636552,2.0,0.7048833550957472,5.510309162399524,0.9697394996474655,0.06817761226918531,0.4412393359290105,0.05745246141292516,0.0,18.0,55.0,3.519658396544108,25.260143332392026,1.5,26.23059652882082,1500.0,0.0,0.02,0.01,0.1,0.3,2.0,0.02,0.0,0.35,1.2,0.15,0.0,,False,,0,3.0,True,True,True,True,0.0,89.0,90.0
5,0.06259918572835463,0.02040232682737402,0.16810508820830405,0.06221859260638018,1.010576280456015,20.0,15.0,0.0973901062884168,0.0,12.0,0.0,30.0,218.29038993485597,0.6821243119697917,1.3,0.009352273022227955,1.8477902032750722,0.0,0.0,0.0,0.0,6.552777161737659,774.1206599594123,11.631672455476538,2.0,0.7348126903157484,6.907675211162538,0.9339578338130878,0.06362757050511383,0.5203537068473709,0.0634300232954944,0.0,18.0,55.0,3.517262136963791,26.368162252836004,1.5,25.985066661450208,1500.0,0.0,0.02,0.01,0.1,0.3,2.0,0.02,0.0,0.35,1.2,0.15,962.5,5.25,True,5.25,1,3.25,True,True,True,False,0.0,31.999999999999943,33.0
6,0.07064028422225277,0.031072833129526564,0.15350099759717264,0.03325156758449516,1.0962320738064935,20.0,15.0,0.044979637292181865,0.0,12.0,0.0,30.0,168.62367236790496,0.5902849754843011,1.3,0.008504126235993137,2.0828232037487426,0.0,0.0,0.0,0.0,6.8309635548034535,812.3579360289835,11.089829776983628,2.0,0.6352823241803776,5.597146505124059,0.8186946921274163,0.0989700618005303,0.5124744813832939,0.06472568409011958,0.0,18.0,55.0,4.744898969616774,27.296944361600953,1.5,22.942230329846257,1500.0,0.0,0.02,0.01,0.1,0.3,2.0,0.02,0.0,0.35,1.2,0.15,990.0,4.75,True,4.75,0,2.25,True,True,True,False,0.0,206.0000000000003,188.0
7,0.0556170643001281,0.03103981726082687,0.013650528738149315,0.08380606261111627,1.0821855354183225,20.0,15.0,0.08356654660857063,0.0,12.0,0.0,30.0,159.95249208328832,0.5905641602333679,1.3,0.0032216498531910443,2.7587684133213113,0.0,0.0,0.0,0.0,6.0346222788456005,437.84320287398555,8.671431198593698,2.0,0.5306883296368192,4.287566790061697,0.6061406489476507,0.09143726735235769,0.559905596525635,0.05490289681840832,0.0,18.0,55.0,5.869723505295362,25.76585106499929,1.5,22.102057533798124,1500.0,0.0,0.02,0.01,0.1,0.3,2.0,0.02,0.0,0.35,1.2,0.15,0.0,,False,,0,3.0,True,True,True,True,0.0,14.0,8.0
8,0.04763737157770599,0.027527734858240664,0.1032673175974638,0.031318441455483785,1.0752112723711806,20.0,15.0,0.05599777380204017,0.0,12.0,0.0,30.0,215.5712767118747,0.5146124047874078,1.3,0.006835856398903126,2.852223376093449,0.0,0.0,0.0,0.0,7.0986725595972375,746.2989094654072,8.985647150188079,2.0,0.7814384780708398,5.427953621233141,0.8840520813437553,0.06579698195997886,0.4425191581279615,0.031244082114079065,0.0,18.0,55.0,5.418841439526096,24.180054884486157,1.5,23.649027865853565,1500.0,0.0,0.02,0.01,0.1,0.3,2.0,0.02,0.0,0.35,1.2,0.15,0.0,,False,,0,3.75,True,True,False,True,0.0,191.0,214.0
9,0.05870740484723881,0.04044608342325218,0.03659625672621114,0.014511026998514047,1.0673606160226348,20.0,15.0,0.045186736121286424,0.0,12.0,0.0,30.0,181.1283483071404,0.5399506679464112,1.3,0.008377032963129692,2.6418929264828956,0.0,0.0,0.0,0.0,6.781960502389241,560.3530721334278,8.185393441383777,2.0,0.6578590665469137,6.397415532859954,0.7877961207929738,0.09606094500486176,0.39661990074296605,0.06913439781491665,0.0,18.0,55.0,3.8360068876324904,26.25261024503245,1.5,23.7157801430454,1500.0,0.0,0.02,0.01,0.1,0.3,2.0,0.02,0.0,0.35,1.2,0.15,962.5,5.25,True,5.25,1,3.0,True,True,True,False,0.0,108.0,126.0
10,0.08958271089650696,0.050821785270937614,0.14382637567163692,0.012284425456679642,1.0964071351722768,20.0,15.0,0.0558262038902562,0.0,12.0,0.0,30.0,208.09481038766768,0.5155302855707323,1.3,0.010077860398772818,1.6520557927898776,0.0,0.0,0.0,0.0,7.716999824171985,558.2398112766673,9.991285117227909,2.0,0.7023699149787154,6.480576180465672,0.6850934467462446,0.0846906374482134,0.4480141270748169,0.030206223849377368,0.0,18.0,55.0,5.293682063887063,26.007776165762728,1.5,26.938497468332063,1500.0,0.0,0.02,0.01,0.1,0.3,2.0,0.02,0.0,0.35,1.2,0.15,0.0,,False,,0,2.5,True,True,True,True,0.0,40.0,63.0
11,0.0833065244989514,0.05107950156596375,0.032850353476775895,0.07884886520571781,1.0114138988160346,20.0,15.0,0.04704842720157128,0.0,12.0,0.0,30.0,170.07657333616737,0.6162007488061901,1.3,0.025230144061808176,2.425946755256026,0.0,0.0,0.0,0.0,5.700063263114036,660.9522417803745,11.075497121515266,2.0,0.5973081492881875,6.31719300150625,0.7343782873051496,0.09573245705335667,0.3162418827565632,0.0558287580494733,0.0,18.0,55.0,5.957866004043799,27.3666128340886,1.5,26.982182345961913,1500.0,0.0,0.02,0.01,0.1,0.3,2.0,0.02,0.0,0.35,1.2,0.15,0.0,,False,,0,3.0,True,True,True,True,0.0,86.0,81.0
12,0.07983132176706637,0.04635381649766504,0.14399824240390094,0.10667894078860966,1.0302623284600758,20.0,15.0,0.04703845194304122,0.0,12.0,0.0,30.0,196.2714381249286,0.6816219157731861,1.3,0.01967616024669122,2.3349320782245506,0.0,0.0,0.0,0.0,7.8398835304188825,423.5175751820057,13.723362347249914,2.0,0.6316507960817633,6.514804334923721,0.8446580119777383,0.10090652365437747,0.43272896721991616,0.07003051829979223,0.0,18.0,55.0,4.49761695914808,25.841940816077575,1.5,25.74757810911541,1500.0,0.0,0.02,0.01,0.1,0.3,2.0,0.02,0.0,0.35,1.2,0.15,962.5,5.0,True,5.0,1,2.5,True,True,True,False,0.0,103.99999999999997,137.0
13,0.036471199658748496,0.029272566277562848,0.02329207975684291,0.06840437781018059,1.0220776815752466,20.0,15.0,0.04569938751060682,0.0,12.0,0.0,30.0,206.54040489295647,0.5213738939070853,1.3,0.01951097609086192,2.202295402051209,0.0,0.0,0.0,0.0,6.408137045489382,661.7904947620775,11.303470415147308,2.0,0.612848469664507,5.5804926267586055,0.7413723205766075,0.0651452348670857,0.38319891139966145,0.07002543947669579,0.0,18.0,55.0,5.815007752883796,27.22912855661241,1.5,25.149557755933568,1500.0,0.0,0.02,0.01,0.1,0.3,2.0,0.02,0.0,0.35,1.2,0.15,0.0,,False,,0,0.0,True,True,True,True,0.0,186.0,248.0
14,0.0701178948943041,0.05224641143815317,0.10751139782559727,0.03967929345022847,1.0367562228497578,20.0,15.0,0.07573058039150538,0.0,12.0,0.0,30.0,164.4806868405647,0.6501037220752719,1.3,0.008671331902937668,1.630526069133948,0.0,0.0,0.0,0.0,6.4121426868263836,424.2320411800755,9.936270014365762,2.0,0.6722877769259997,6.985958458400828,0.6552847679013815,0.09125968286894304,0.5360689773660954,0.06738872353775603,0.0,18.0,55.0,4.614860945624014,24.97668243715096,1.5,26.215214578806606,1500.0,0.0,0.02,0.01,0.1,0.3,2.0,0.02,0.0,0.35,1.2,0.15,990.0,5.5,True,5.5,0,2.25,True,False,True,False,0.0,4.0,9.0
15,0.08817056434903556,0.039093437680814205,0.12627702250132297,0.04407844592706933,1.0937248314606103,20.0,15.0,0.0894625295655337,0.0,12.0,0.0,30.0,156.62401433978948,0.5457308092893332,1.3,0.0006228668206770316,2.7460107940564296,0.0,0.0,0.0,0.0,5.6034177696773675,723.1724559075426,13.354266734429027,2.0,0.7365623502040144,5.501678391950771,0.655016116369263,0.09333134986594163,0.4980962801818898,0.05422025205328039,0.0,18.0,55.0,3.742251195085064,27.85376935150518,1.5,21.852225235866243,1500.0,0.0,0.02,0.01,0.1,0.3,2.0,0.02,0.0,0.35,1.2,0.15,0.0,,False,,0,2.75,True,True,False,True,0.0,162.0,235.0
16,0.05460202996234872,0.0451540110377704,0.19813422451563079,0.1385396962420684,1.038306323726725,20.0,15.0,0.042779233121491275,0.0,12.0,0.0,30.0,154.1443301881991,0.6328449038033568,1.3,0.009767798240299509,2.622641287325743,0.0,0.0,0.0,0.0,5.727104267748838,861.6849022571862,10.187439580277339,2.0,0.6243683035417419,6.771667784236351,0.9637938178097396,0.1195037648409305,0.5667906000522469,0.07522812313755103,0.0,18.0,55.0,4.160236101524568,25.196595522676787,1.5,25.433158180719815,1500.0,0.0,0.02,0.01,0.1,0.3,2.0,0.02,0.0,0.35,1.2,0.15,0.0,,False,,0,4.0,True,True,True,True,0.0,68.0,58.0
17,0.08518906912416407,0.03172189879070366,0.038169855010240485,0.036460785461513275,1.004865469223429,20.0,15.0,0.0930343298924875,0.0,12.0,0.0,30.0,158.32473911463262,0.5929418357935187,1.3,0.028958632974947413,1.8803039769482592,0.0,0.0,0.0,0.0,7.322054162476855,474.63806468159834,9.361890214976174,2.0,0.6074018070423479,6.904370161204706,0.6537360189934996,0.0845173529484508,0.5025129222805871,0.04319194529642864,0.0,18.0,55.0,5.909280044429169,24.53638795172726,1.5,26.955948473437875,1500.0,0.0,0.02,0.01,0.1,0.3,2.0,0.02,0.0,0.35,1.2,0.15,962.5,6.0,True,6.0,1,2.0,True,True,True,False,0.0,15.000000000000028,8.0
18,0.07090919444517974,0.04955490592098824,0.053159674973802584,0.06899955033858875,1.0828035912590679,20.0,15.0,0.06258958673929219,0.0,12.0,0.0,30.0,197.3594583375927,0.6860179703312592,1.3,0.005235838998627742,1.9057293036895073,0.0,0.0,0.0,0.0,7.852552925503701,871.7117023061677,13.354868205611737,2.0,0.7057434106570887,4.754221913194494,0.7862773403927199,0.08160763275783642,0.5840081452962027,0.03431846266820701,0.0,18.0,55.0,4.761135485306269,26.917038757693533,1.5,25.53114816239415,1500.0,0.0,0.02,0.01,0.1,0.3,2.0,0.02,0.0,0.35,1.2,0.15,0.0,,False,,0,2.0,True,True,False,True,0.0,293.0,229.0
19,0.07136635025553033,0.04975508470200826,0.15292448306907047,0.07770196490209866,1.0433970291823458,20.0,15.0,0.050211012894755075,0.0,12.0,0.0,30.0,213.26087299248337,0.6384856215446036,1.3,0.024643732586924726,2.585724929402007,0.0,0.0,0.0,0.0,7.564292131183525,431.5037343135735,12.968550749742576,2.0,0.736782813879101,6.218223008885939,0.7321645825975517,0.11988382902846717,0.32269064377719847,0.06403261528726081,0.0,18.0,55.0,4.744618160862972,24.89411286015272,1.5,23.766526690283808,1500.0,0.0,0.02,0.01,0.1,0.3,2.0,0.02,0.0,0.35,1.2,0.15,0.0,,False,,0,2.75,True,True,True,True,0.0,10.0,21.0
