key,value
anchor.heraklion_1941.crt.germans_never_take_field,0.976
anchor.heraklion_1941.crt.joint,0.976
anchor.heraklion_1941.crt.no_airbridge,0.977
anchor.heraklion_1941.crt.no_landings,0.977
anchor.heraklion_1941.lanchester.germans_never_take_field,0.981
anchor.heraklion_1941.lanchester.joint,0.981
anchor.heraklion_1941.lanchester.no_airbridge,0.9815
anchor.heraklion_1941.lanchester.no_landings,0.9815
anchor.hostomel_2022.crt.joint,0.497
anchor.hostomel_2022.crt.no_airbridge,0.6495
anchor.hostomel_2022.crt.runway_unusable,1.0
anchor.hostomel_2022.crt.ukraine_retakes_field,0.6865
anchor.hostomel_2022.crt.vdv_secure_field_in_hours,0.7545
anchor.hostomel_2022.lanchester.joint,0.602
anchor.hostomel_2022.lanchester.no_airbridge,0.6845
anchor.hostomel_2022.lanchester.runway_unusable,1.0
anchor.hostomel_2022.lanchester.ukraine_retakes_field,0.722
anchor.hostomel_2022.lanchester.vdv_secure_field_in_hours,0.8775
anchor.maleme_1941.crt.airbridge,0.2105
anchor.maleme_1941.crt.counterattack_fails,0.9995
anchor.maleme_1941.crt.joint,0.028
anchor.maleme_1941.crt.landings_begin_day2_afternoon,0.029
anchor.maleme_1941.crt.nz_leave_field_day1,0.1245
anchor.maleme_1941.lanchester.airbridge,0.63
anchor.maleme_1941.lanchester.counterattack_fails,0.998
anchor.maleme_1941.lanchester.joint,0.188
anchor.maleme_1941.lanchester.landings_begin_day2_afternoon,0.1905
anchor.maleme_1941.lanchester.nz_leave_field_day1,0.642
anchor.rethymno_1941.crt.germans_do_not_hold_field,0.9725
anchor.rethymno_1941.crt.joint,0.9725
anchor.rethymno_1941.crt.no_airbridge,0.9725
anchor.rethymno_1941.crt.no_landings,0.9725
anchor.rethymno_1941.lanchester.germans_do_not_hold_field,0.9785
anchor.rethymno_1941.lanchester.joint,0.9785
anchor.rethymno_1941.lanchester.no_airbridge,0.9785
anchor.rethymno_1941.lanchester.no_landings,0.9785
anchor.valkenburg_1940.crt.dutch_retake_field,0.5245
anchor.valkenburg_1940.crt.germans_take_field,0.9815
anchor.valkenburg_1940.crt.joint,0.398
anchor.valkenburg_1940.crt.many_transports_stranded,0.9835
anchor.valkenburg_1940.crt.runway_blocked,0.465
anchor.valkenburg_1940.lanchester.dutch_retake_field,0.4415
anchor.valkenburg_1940.lanchester.germans_take_field,0.99
anchor.valkenburg_1940.lanchester.joint,0.328
anchor.valkenburg_1940.lanchester.many_transports_stranded,0.992
anchor.valkenburg_1940.lanchester.runway_blocked,0.396
anchor.ypenburg_1940.crt.first_wave_lands_under_fire,0.791
anchor.ypenburg_1940.crt.germans_hold_on_field,0.9285
anchor.ypenburg_1940.crt.germans_lose_field,0.8855
anchor.ypenburg_1940.crt.heavy_transport_losses,0.6725
anchor.ypenburg_1940.crt.joint,0.555
anchor.ypenburg_1940.crt.no_airbridge,0.979
anchor.ypenburg_1940.crt.runway_blocked,0.8055
anchor.ypenburg_1940.lanchester.first_wave_lands_under_fire,0.798
anchor.ypenburg_1940.lanchester.germans_hold_on_field,0.9555
anchor.ypenburg_1940.lanchester.germans_lose_field,0.9485
anchor.ypenburg_1940.lanchester.heavy_transport_losses,0.686
anchor.ypenburg_1940.lanchester.joint,0.6215
anchor.ypenburg_1940.lanchester.no_airbridge,0.9835
anchor.ypenburg_1940.lanchester.runway_blocked,0.877
linesweep.maleme_garrison.1000,0.212
linesweep.maleme_garrison.1250,0.094
linesweep.maleme_garrison.1500,0.045
linesweep.maleme_garrison.2000,0.009
linesweep.maleme_garrison.2500,0.003
linesweep.maleme_garrison.3000,0.0
linesweep.maleme_garrison.500,0.729
linesweep.maleme_garrison.650,0.578
linesweep.maleme_garrison.800,0.386
linesweep.maleme_garrison_no_command.1000,0.249
linesweep.maleme_garrison_no_command.1250,0.163
linesweep.maleme_garrison_no_command.1500,0.126
linesweep.maleme_garrison_no_command.2000,0.081
linesweep.maleme_garrison_no_command.2500,0.051
linesweep.maleme_garrison_no_command.3000,0.043
linesweep.maleme_garrison_no_command.500,0.766
linesweep.maleme_garrison_no_command.650,0.53
linesweep.maleme_garrison_no_command.800,0.356
shapley.heraklion_1941__maleme_1941.crt.AIR,0.07783333333333332
shapley.heraklion_1941__maleme_1941.crt.COMMAND,0.04137499999999998
shapley.heraklion_1941__maleme_1941.crt.DENIAL,0.0165
shapley.heraklion_1941__maleme_1941.crt.HOLD,0.206625
shapley.heraklion_1941__maleme_1941.crt.MASS,-0.0285
shapley.heraklion_1941__maleme_1941.crt.RESPONSE,0.02116666666666667
shapley.heraklion_1941__maleme_1941.crt.RISK,0.0
shapley.heraklion_1941__maleme_1941.lanchester.AIR,0.08516666666666665
shapley.heraklion_1941__maleme_1941.lanchester.COMMAND,0.05121666666666665
shapley.heraklion_1941__maleme_1941.lanchester.DENIAL,0.02861666666666665
shapley.heraklion_1941__maleme_1941.lanchester.HOLD,0.4010833333333333
shapley.heraklion_1941__maleme_1941.lanchester.MASS,-0.04771666666666666
shapley.heraklion_1941__maleme_1941.lanchester.RESPONSE,0.039633333333333326
shapley.heraklion_1941__maleme_1941.lanchester.RISK,0.0
shapley.hostomel_2022__maleme_1941.crt.AIR,0.16373214285714283
shapley.hostomel_2022__maleme_1941.crt.COMMAND,-0.04476785714285716
shapley.hostomel_2022__maleme_1941.crt.DENIAL,-0.1051845238095238
shapley.hostomel_2022__maleme_1941.crt.HOLD,-0.5605178571428572
shapley.hostomel_2022__maleme_1941.crt.MASS,0.11539880952380954
shapley.hostomel_2022__maleme_1941.crt.RESPONSE,0.02881547619047619
shapley.hostomel_2022__maleme_1941.crt.RISK,0.3400238095238096
shapley.hostomel_2022__maleme_1941.lanchester.AIR,0.18480476190476194
shapley.hostomel_2022__maleme_1941.lanchester.COMMAND,-0.04122857142857142
shapley.hostomel_2022__maleme_1941.lanchester.DENIAL,0.03915476190476192
shapley.hostomel_2022__maleme_1941.lanchester.HOLD,-0.473145238095238
shapley.hostomel_2022__maleme_1941.lanchester.MASS,0.1879880952380952
shapley.hostomel_2022__maleme_1941.lanchester.RESPONSE,0.051621428571428554
shapley.hostomel_2022__maleme_1941.lanchester.RISK,0.4228047619047621
shapley.hostomel_2022__ypenburg_1940.crt.AIR,-0.14529166666666662
shapley.hostomel_2022__ypenburg_1940.crt.COMMAND,0.0
shapley.hostomel_2022__ypenburg_1940.crt.DENIAL,0.2725416666666667
shapley.hostomel_2022__ypenburg_1940.crt.HOLD,-0.3752083333333334
shapley.hostomel_2022__ypenburg_1940.crt.MASS,0.007791666666666654
shapley.hostomel_2022__ypenburg_1940.crt.RESPONSE,-0.02316666666666666
shapley.hostomel_2022__ypenburg_1940.crt.RISK,0.5333333333333334
shapley.hostomel_2022__ypenburg_1940.lanchester.AIR,-0.1484333333333334
shapley.hostomel_2022__ypenburg_1940.lanchester.COMMAND,0.0
shapley.hostomel_2022__ypenburg_1940.lanchester.DENIAL,0.33210000000000006
shapley.hostomel_2022__ypenburg_1940.lanchester.HOLD,-0.33193333333333336
shapley.hostomel_2022__ypenburg_1940.lanchester.MASS,-0.00041666666666666436
shapley.hostomel_2022__ypenburg_1940.lanchester.RESPONSE,-0.024650000000000016
shapley.hostomel_2022__ypenburg_1940.lanchester.RISK,0.5823333333333333
shapley.maleme_1941__heraklion_1941.crt.AIR,-0.09633333333333333
shapley.maleme_1941__heraklion_1941.crt.COMMAND,0.08133333333333333
shapley.maleme_1941__heraklion_1941.crt.DENIAL,-0.020291666666666677
shapley.maleme_1941__heraklion_1941.crt.HOLD,-0.159125
shapley.maleme_1941__heraklion_1941.crt.MASS,0.04145833333333334
shapley.maleme_1941__heraklion_1941.crt.RESPONSE,-0.02704166666666666
shapley.maleme_1941__heraklion_1941.crt.RISK,0.0
shapley.maleme_1941__heraklion_1941.lanchester.AIR,-0.15093333333333328
shapley.maleme_1941__heraklion_1941.lanchester.COMMAND,0.013466666666666662
shapley.maleme_1941__heraklion_1941.lanchester.DENIAL,-0.025966666666666662
shapley.maleme_1941__heraklion_1941.lanchester.HOLD,-0.43999999999999984
shapley.maleme_1941__heraklion_1941.lanchester.MASS,0.04495
shapley.maleme_1941__heraklion_1941.lanchester.RESPONSE,-0.043516666666666655
shapley.maleme_1941__heraklion_1941.lanchester.RISK,0.0
shapley.maleme_1941__hostomel_2022.crt.AIR,-0.07757142857142857
shapley.maleme_1941__hostomel_2022.crt.COMMAND,0.030303571428571423
shapley.maleme_1941__hostomel_2022.crt.DENIAL,-0.1848630952380952
shapley.maleme_1941__hostomel_2022.crt.HOLD,0.2723035714285714
shapley.maleme_1941__hostomel_2022.crt.MASS,-0.07557142857142858
shapley.maleme_1941__hostomel_2022.crt.RESPONSE,-0.051571428571428574
shapley.maleme_1941__hostomel_2022.crt.RISK,-0.11552976190476191
shapley.maleme_1941__hostomel_2022.lanchester.AIR,-0.09772142857142853
shapley.maleme_1941__hostomel_2022.lanchester.COMMAND,0.0049785714285714225
shapley.maleme_1941__hostomel_2022.lanchester.DENIAL,-0.271304761904762
shapley.maleme_1941__hostomel_2022.lanchester.HOLD,0.1897452380952381
shapley.maleme_1941__hostomel_2022.lanchester.MASS,-0.1610547619047619
shapley.maleme_1941__hostomel_2022.lanchester.RESPONSE,-0.10808809523809523
shapley.maleme_1941__hostomel_2022.lanchester.RISK,-0.18155476190476183
shapley.maleme_1941__rethymno_1941.crt.AIR,-0.07262499999999995
shapley.maleme_1941__rethymno_1941.crt.COMMAND,0.07820833333333334
shapley.maleme_1941__rethymno_1941.crt.DENIAL,0.0
shapley.maleme_1941__rethymno_1941.crt.HOLD,-0.11887500000000004
shapley.maleme_1941__rethymno_1941.crt.MASS,-0.04700000000000001
shapley.maleme_1941__rethymno_1941.crt.RESPONSE,-0.024708333333333315
shapley.maleme_1941__rethymno_1941.crt.RISK,0.0
shapley.maleme_1941__rethymno_1941.lanchester.AIR,-0.11334999999999998
shapley.maleme_1941__rethymno_1941.lanchester.COMMAND,0.003399999999999995
shapley.maleme_1941__rethymno_1941.lanchester.DENIAL,0.0
shapley.maleme_1941__rethymno_1941.lanchester.HOLD,-0.38126666666666675
shapley.maleme_1941__rethymno_1941.lanchester.MASS,-0.07859999999999998
shapley.maleme_1941__rethymno_1941.lanchester.RESPONSE,-0.03318333333333334
shapley.maleme_1941__rethymno_1941.lanchester.RISK,0.0
shapley.maleme_1941__ypenburg_1940.crt.AIR,-0.07191071428571426
shapley.maleme_1941__ypenburg_1940.crt.COMMAND,0.10758928571428567
shapley.maleme_1941__ypenburg_1940.crt.DENIAL,0.06183928571428569
shapley.maleme_1941__ypenburg_1940.crt.HOLD,0.30200595238095224
shapley.maleme_1941__ypenburg_1940.crt.MASS,-0.47095238095238096
shapley.maleme_1941__ypenburg_1940.crt.RESPONSE,-0.10003571428571428
shapley.maleme_1941__ypenburg_1940.crt.RISK,0.016464285714285716
shapley.maleme_1941__ypenburg_1940.lanchester.AIR,-0.0674547619047619
shapley.maleme_1941__ypenburg_1940.lanchester.COMMAND,0.08079523809523809
shapley.maleme_1941__ypenburg_1940.lanchester.DENIAL,0.026478571428571435
shapley.maleme_1941__ypenburg_1940.lanchester.HOLD,0.18056190476190478
shapley.maleme_1941__ypenburg_1940.lanchester.MASS,-0.5901547619047619
shapley.maleme_1941__ypenburg_1940.lanchester.RESPONSE,-0.23227142857142857
shapley.maleme_1941__ypenburg_1940.lanchester.RISK,0.027045238095238094
shapley.rethymno_1941__maleme_1941.crt.AIR,0.062041666666666676
shapley.rethymno_1941__maleme_1941.crt.COMMAND,0.05058333333333333
shapley.rethymno_1941__maleme_1941.crt.DENIAL,0.0
shapley.rethymno_1941__maleme_1941.crt.HOLD,0.18329166666666669
shapley.rethymno_1941__maleme_1941.crt.MASS,0.04329166666666665
shapley.rethymno_1941__maleme_1941.crt.RESPONSE,0.008291666666666666
shapley.rethymno_1941__maleme_1941.crt.RISK,0.0
shapley.rethymno_1941__maleme_1941.lanchester.AIR,0.07269999999999999
shapley.rethymno_1941__maleme_1941.lanchester.COMMAND,0.07503333333333333
shapley.rethymno_1941__maleme_1941.lanchester.DENIAL,0.0
shapley.rethymno_1941__maleme_1941.lanchester.HOLD,0.3607
shapley.rethymno_1941__maleme_1941.lanchester.MASS,0.06470000000000002
shapley.rethymno_1941__maleme_1941.lanchester.RESPONSE,0.00886666666666667
shapley.rethymno_1941__maleme_1941.lanchester.RISK,0.0
shapley.valkenburg_1940__ypenburg_1940.crt.AIR,-0.17125
shapley.valkenburg_1940__ypenburg_1940.crt.COMMAND,0.0
shapley.valkenburg_1940__ypenburg_1940.crt.DENIAL,0.0
shapley.valkenburg_1940__ypenburg_1940.crt.HOLD,-0.06291666666666662
shapley.valkenburg_1940__ypenburg_1940.crt.MASS,0.04083333333333332
shapley.valkenburg_1940__ypenburg_1940.crt.RESPONSE,0.0008333333333333155
shapley.valkenburg_1940__ypenburg_1940.crt.RISK,0.0
shapley.valkenburg_1940__ypenburg_1940.lanchester.AIR,-0.19958333333333328
shapley.valkenburg_1940__ypenburg_1940.lanchester.COMMAND,0.0
shapley.valkenburg_1940__ypenburg_1940.lanchester.DENIAL,0.0
shapley.valkenburg_1940__ypenburg_1940.lanchester.HOLD,-0.0559166666666667
shapley.valkenburg_1940__ypenburg_1940.lanchester.MASS,0.03158333333333333
shapley.valkenburg_1940__ypenburg_1940.lanchester.RESPONSE,0.0009166666666666672
shapley.valkenburg_1940__ypenburg_1940.lanchester.RISK,0.0
shapley.ypenburg_1940__hostomel_2022.crt.AIR,0.02279166666666667
shapley.ypenburg_1940__hostomel_2022.crt.COMMAND,0.0
shapley.ypenburg_1940__hostomel_2022.crt.DENIAL,-0.06345833333333334
shapley.ypenburg_1940__hostomel_2022.crt.HOLD,0.05487500000000001
shapley.ypenburg_1940__hostomel_2022.crt.MASS,-0.0015833333333333337
shapley.ypenburg_1940__hostomel_2022.crt.RESPONSE,0.0
shapley.ypenburg_1940__hostomel_2022.crt.RISK,-0.025124999999999995
shapley.ypenburg_1940__hostomel_2022.lanchester.AIR,0.0121
shapley.ypenburg_1940__hostomel_2022.lanchester.COMMAND,0.0
shapley.ypenburg_1940__hostomel_2022.lanchester.DENIAL,-0.03565000000000001
shapley.ypenburg_1940__hostomel_2022.lanchester.HOLD,0.028349999999999997
shapley.ypenburg_1940__hostomel_2022.lanchester.MASS,-0.0022333333333333333
shapley.ypenburg_1940__hostomel_2022.lanchester.RESPONSE,0.0
shapley.ypenburg_1940__hostomel_2022.lanchester.RISK,-0.01656666666666666
shapley.ypenburg_1940__maleme_1941.crt.AIR,0.02833333333333332
shapley.ypenburg_1940__maleme_1941.crt.COMMAND,-0.029458333333333336
shapley.ypenburg_1940__maleme_1941.crt.DENIAL,-0.026750000000000006
shapley.ypenburg_1940__maleme_1941.crt.HOLD,-0.041749999999999995
shapley.ypenburg_1940__maleme_1941.crt.MASS,0.056499999999999995
shapley.ypenburg_1940__maleme_1941.crt.RESPONSE,0.0
shapley.ypenburg_1940__maleme_1941.crt.RISK,0.0006250000000000006
shapley.ypenburg_1940__maleme_1941.lanchester.AIR,0.011099999999999994
shapley.ypenburg_1940__maleme_1941.lanchester.COMMAND,-0.029416666666666667
shapley.ypenburg_1940__maleme_1941.lanchester.DENIAL,-0.010066666666666663
shapley.ypenburg_1940__maleme_1941.lanchester.HOLD,-0.014899999999999998
shapley.ypenburg_1940__maleme_1941.lanchester.MASS,0.024500000000000004
shapley.ypenburg_1940__maleme_1941.lanchester.RESPONSE,0.0
shapley.ypenburg_1940__maleme_1941.lanchester.RISK,-0.002216666666666667
shapley.ypenburg_1940__valkenburg_1940.crt.AIR,0.04020833333333333
shapley.ypenburg_1940__valkenburg_1940.crt.COMMAND,0.0
shapley.ypenburg_1940__valkenburg_1940.crt.DENIAL,0.0
shapley.ypenburg_1940__valkenburg_1940.crt.HOLD,0.0735416666666667
shapley.ypenburg_1940__valkenburg_1940.crt.MASS,-0.061875
shapley.ypenburg_1940__valkenburg_1940.crt.RESPONSE,-0.009374999999999994
shapley.ypenburg_1940__valkenburg_1940.crt.RISK,0.0
shapley.ypenburg_1940__valkenburg_1940.lanchester.AIR,0.021083333333333325
shapley.ypenburg_1940__valkenburg_1940.lanchester.COMMAND,0.0
shapley.ypenburg_1940__valkenburg_1940.lanchester.DENIAL,0.0
shapley.ypenburg_1940__valkenburg_1940.lanchester.HOLD,0.04158333333333332
shapley.ypenburg_1940__valkenburg_1940.lanchester.MASS,-0.03441666666666668
shapley.ypenburg_1940__valkenburg_1940.lanchester.RESPONSE,-0.005250000000000001
shapley.ypenburg_1940__valkenburg_1940.lanchester.RISK,0.0
single.heraklion_1941__maleme_1941.crt.AIR,0.045
single.heraklion_1941__maleme_1941.crt.COMMAND,0.0275
single.heraklion_1941__maleme_1941.crt.DENIAL,0.0325
single.heraklion_1941__maleme_1941.crt.HOLD,0.135
single.heraklion_1941__maleme_1941.crt.MASS,0.0275
single.heraklion_1941__maleme_1941.crt.RESPONSE,0.0225
single.heraklion_1941__maleme_1941.crt.RISK,0.0275
single.heraklion_1941__maleme_1941.lanchester.AIR,0.046
single.heraklion_1941__maleme_1941.lanchester.COMMAND,0.05
single.heraklion_1941__maleme_1941.lanchester.DENIAL,0.031
single.heraklion_1941__maleme_1941.lanchester.HOLD,0.333
single.heraklion_1941__maleme_1941.lanchester.MASS,0.021
single.heraklion_1941__maleme_1941.lanchester.RESPONSE,0.028
single.heraklion_1941__maleme_1941.lanchester.RISK,0.026
single.hostomel_2022__maleme_1941.crt.AIR,0.6425
single.hostomel_2022__maleme_1941.crt.COMMAND,0.285
single.hostomel_2022__maleme_1941.crt.DENIAL,0.0
single.hostomel_2022__maleme_1941.crt.HOLD,0.02
single.hostomel_2022__maleme_1941.crt.MASS,0.4725
single.hostomel_2022__maleme_1941.crt.RESPONSE,0.38
single.hostomel_2022__maleme_1941.crt.RISK,0.8925
single.hostomel_2022__maleme_1941.lanchester.AIR,0.626
single.hostomel_2022__maleme_1941.lanchester.COMMAND,0.277
single.hostomel_2022__maleme_1941.lanchester.DENIAL,0.0
single.hostomel_2022__maleme_1941.lanchester.HOLD,0.018
single.hostomel_2022__maleme_1941.lanchester.MASS,0.459
single.hostomel_2022__maleme_1941.lanchester.RESPONSE,0.346
single.hostomel_2022__maleme_1941.lanchester.RISK,0.899
single.hostomel_2022__ypenburg_1940.crt.AIR,0.0275
single.hostomel_2022__ypenburg_1940.crt.COMMAND,0.3575
single.hostomel_2022__ypenburg_1940.crt.DENIAL,0.6925
single.hostomel_2022__ypenburg_1940.crt.HOLD,0.0375
single.hostomel_2022__ypenburg_1940.crt.MASS,0.345
single.hostomel_2022__ypenburg_1940.crt.RESPONSE,0.3175
single.hostomel_2022__ypenburg_1940.crt.RISK,0.93
single.hostomel_2022__ypenburg_1940.lanchester.AIR,0.022
single.hostomel_2022__ypenburg_1940.lanchester.COMMAND,0.329
single.hostomel_2022__ypenburg_1940.lanchester.DENIAL,0.704
single.hostomel_2022__ypenburg_1940.lanchester.HOLD,0.038
single.hostomel_2022__ypenburg_1940.lanchester.MASS,0.32
single.hostomel_2022__ypenburg_1940.lanchester.RESPONSE,0.29
single.hostomel_2022__ypenburg_1940.lanchester.RISK,0.94
single.maleme_1941__heraklion_1941.crt.AIR,0.0325
single.maleme_1941__heraklion_1941.crt.COMMAND,0.3325
single.maleme_1941__heraklion_1941.crt.DENIAL,0.15
single.maleme_1941__heraklion_1941.crt.HOLD,0.0
single.maleme_1941__heraklion_1941.crt.MASS,0.31
single.maleme_1941__heraklion_1941.crt.RESPONSE,0.14
single.maleme_1941__heraklion_1941.crt.RISK,0.2075
single.maleme_1941__heraklion_1941.lanchester.AIR,0.341
single.maleme_1941__heraklion_1941.lanchester.COMMAND,0.589
single.maleme_1941__heraklion_1941.lanchester.DENIAL,0.588
single.maleme_1941__heraklion_1941.lanchester.HOLD,0.015
single.maleme_1941__heraklion_1941.lanchester.MASS,0.683
single.maleme_1941__heraklion_1941.lanchester.RESPONSE,0.527
single.maleme_1941__heraklion_1941.lanchester.RISK,0.629
single.maleme_1941__hostomel_2022.crt.AIR,0.0325
single.maleme_1941__hostomel_2022.crt.COMMAND,0.3325
single.maleme_1941__hostomel_2022.crt.DENIAL,0.0
single.maleme_1941__hostomel_2022.crt.HOLD,0.9875
single.maleme_1941__hostomel_2022.crt.MASS,0.0
single.maleme_1941__hostomel_2022.crt.RESPONSE,0.1325
single.maleme_1941__hostomel_2022.crt.RISK,0.0725
single.maleme_1941__hostomel_2022.lanchester.AIR,0.339
single.maleme_1941__hostomel_2022.lanchester.COMMAND,0.589
single.maleme_1941__hostomel_2022.lanchester.DENIAL,0.0
single.maleme_1941__hostomel_2022.lanchester.HOLD,0.998
single.maleme_1941__hostomel_2022.lanchester.MASS,0.009
single.maleme_1941__hostomel_2022.lanchester.RESPONSE,0.256
single.maleme_1941__hostomel_2022.lanchester.RISK,0.181
single.maleme_1941__rethymno_1941.crt.AIR,0.0375
single.maleme_1941__rethymno_1941.crt.COMMAND,0.3325
single.maleme_1941__rethymno_1941.crt.DENIAL,0.2075
single.maleme_1941__rethymno_1941.crt.HOLD,0.0025
single.maleme_1941__rethymno_1941.crt.MASS,0.085
single.maleme_1941__rethymno_1941.crt.RESPONSE,0.16
single.maleme_1941__rethymno_1941.crt.RISK,0.2075
single.maleme_1941__rethymno_1941.lanchester.AIR,0.41
single.maleme_1941__rethymno_1941.lanchester.COMMAND,0.589
single.maleme_1941__rethymno_1941.lanchester.DENIAL,0.629
single.maleme_1941__rethymno_1941.lanchester.HOLD,0.038
single.maleme_1941__rethymno_1941.lanchester.MASS,0.477
single.maleme_1941__rethymno_1941.lanchester.RESPONSE,0.572
single.maleme_1941__rethymno_1941.lanchester.RISK,0.629
single.maleme_1941__ypenburg_1940.crt.AIR,0.0725
single.maleme_1941__ypenburg_1940.crt.COMMAND,0.3325
single.maleme_1941__ypenburg_1940.crt.DENIAL,0.3375
single.maleme_1941__ypenburg_1940.crt.HOLD,0.81
single.maleme_1941__ypenburg_1940.crt.MASS,0.0025
single.maleme_1941__ypenburg_1940.crt.RESPONSE,0.1125
single.maleme_1941__ypenburg_1940.crt.RISK,0.2125
single.maleme_1941__ypenburg_1940.lanchester.AIR,0.495
single.maleme_1941__ypenburg_1940.lanchester.COMMAND,0.589
single.maleme_1941__ypenburg_1940.lanchester.DENIAL,0.665
single.maleme_1941__ypenburg_1940.lanchester.HOLD,0.872
single.maleme_1941__ypenburg_1940.lanchester.MASS,0.007
single.maleme_1941__ypenburg_1940.lanchester.RESPONSE,0.179
single.maleme_1941__ypenburg_1940.lanchester.RISK,0.639
single.rethymno_1941__maleme_1941.crt.AIR,0.04
single.rethymno_1941__maleme_1941.crt.COMMAND,0.035
single.rethymno_1941__maleme_1941.crt.DENIAL,0.025
single.rethymno_1941__maleme_1941.crt.HOLD,0.1125
single.rethymno_1941__maleme_1941.crt.MASS,0.0325
single.rethymno_1941__maleme_1941.crt.RESPONSE,0.03
single.rethymno_1941__maleme_1941.crt.RISK,0.025
single.rethymno_1941__maleme_1941.lanchester.AIR,0.046
single.rethymno_1941__maleme_1941.lanchester.COMMAND,0.062
single.rethymno_1941__maleme_1941.lanchester.DENIAL,0.026
single.rethymno_1941__maleme_1941.lanchester.HOLD,0.259
single.rethymno_1941__maleme_1941.lanchester.MASS,0.04
single.rethymno_1941__maleme_1941.lanchester.RESPONSE,0.029
single.rethymno_1941__maleme_1941.lanchester.RISK,0.026
single.valkenburg_1940__ypenburg_1940.crt.AIR,0.8
single.valkenburg_1940__ypenburg_1940.crt.COMMAND,0.98
single.valkenburg_1940__ypenburg_1940.crt.DENIAL,0.98
single.valkenburg_1940__ypenburg_1940.crt.HOLD,0.905
single.valkenburg_1940__ypenburg_1940.crt.MASS,0.995
single.valkenburg_1940__ypenburg_1940.crt.RESPONSE,0.98
single.valkenburg_1940__ypenburg_1940.crt.RISK,0.98
single.valkenburg_1940__ypenburg_1940.lanchester.AIR,0.78
single.valkenburg_1940__ypenburg_1940.lanchester.COMMAND,0.987
single.valkenburg_1940__ypenburg_1940.lanchester.DENIAL,0.987
single.valkenburg_1940__ypenburg_1940.lanchester.HOLD,0.915
single.valkenburg_1940__ypenburg_1940.lanchester.MASS,0.995
single.valkenburg_1940__ypenburg_1940.lanchester.RESPONSE,0.987
single.valkenburg_1940__ypenburg_1940.lanchester.RISK,0.987
single.ypenburg_1940__hostomel_2022.crt.AIR,0.0375
single.ypenburg_1940__hostomel_2022.crt.COMMAND,0.0225
single.ypenburg_1940__hostomel_2022.crt.DENIAL,0.005
single.ypenburg_1940__hostomel_2022.crt.HOLD,0.1325
single.ypenburg_1940__hostomel_2022.crt.MASS,0.02
single.ypenburg_1940__hostomel_2022.crt.RESPONSE,0.0225
single.ypenburg_1940__hostomel_2022.crt.RISK,0.0
single.ypenburg_1940__hostomel_2022.lanchester.AIR,0.028
single.ypenburg_1940__hostomel_2022.lanchester.COMMAND,0.021
single.ypenburg_1940__hostomel_2022.lanchester.DENIAL,0.003
single.ypenburg_1940__hostomel_2022.lanchester.HOLD,0.076
single.ypenburg_1940__hostomel_2022.lanchester.MASS,0.018
single.ypenburg_1940__hostomel_2022.lanchester.RESPONSE,0.021
single.ypenburg_1940__hostomel_2022.lanchester.RISK,0.001
single.ypenburg_1940__maleme_1941.crt.AIR,0.07
single.ypenburg_1940__maleme_1941.crt.COMMAND,0.0025
single.ypenburg_1940__maleme_1941.crt.DENIAL,0.005
single.ypenburg_1940__maleme_1941.crt.HOLD,0.01
single.ypenburg_1940__maleme_1941.crt.MASS,0.1525
single.ypenburg_1940__maleme_1941.crt.RESPONSE,0.0225
single.ypenburg_1940__maleme_1941.crt.RISK,0.0225
single.ypenburg_1940__maleme_1941.lanchester.AIR,0.041
single.ypenburg_1940__maleme_1941.lanchester.COMMAND,0.002
single.ypenburg_1940__maleme_1941.lanchester.DENIAL,0.008
single.ypenburg_1940__maleme_1941.lanchester.HOLD,0.014
single.ypenburg_1940__maleme_1941.lanchester.MASS,0.092
single.ypenburg_1940__maleme_1941.lanchester.RESPONSE,0.021
single.ypenburg_1940__maleme_1941.lanchester.RISK,0.018
single.ypenburg_1940__valkenburg_1940.crt.AIR,0.06
single.ypenburg_1940__valkenburg_1940.crt.COMMAND,0.0225
single.ypenburg_1940__valkenburg_1940.crt.DENIAL,0.0225
single.ypenburg_1940__valkenburg_1940.crt.HOLD,0.135
single.ypenburg_1940__valkenburg_1940.crt.MASS,0.02
single.ypenburg_1940__valkenburg_1940.crt.RESPONSE,0.02
single.ypenburg_1940__valkenburg_1940.crt.RISK,0.0225
single.ypenburg_1940__valkenburg_1940.lanchester.AIR,0.035
single.ypenburg_1940__valkenburg_1940.lanchester.COMMAND,0.021
single.ypenburg_1940__valkenburg_1940.lanchester.DENIAL,0.021
single.ypenburg_1940__valkenburg_1940.lanchester.HOLD,0.078
single.ypenburg_1940__valkenburg_1940.lanchester.MASS,0.018
single.ypenburg_1940__valkenburg_1940.lanchester.RESPONSE,0.02
single.ypenburg_1940__valkenburg_1940.lanchester.RISK,0.021
swap.heraklion_1941__maleme_1941.crt.base,0.0275
swap.heraklion_1941__maleme_1941.crt.full,0.3625
swap.heraklion_1941__maleme_1941.lanchester.base,0.026
swap.heraklion_1941__maleme_1941.lanchester.full,0.584
swap.hostomel_2022__maleme_1941.crt.base,0.3575
swap.hostomel_2022__maleme_1941.crt.full,0.295
swap.hostomel_2022__maleme_1941.lanchester.base,0.329
swap.hostomel_2022__maleme_1941.lanchester.full,0.701
swap.hostomel_2022__ypenburg_1940.crt.base,0.3575
swap.hostomel_2022__ypenburg_1940.crt.full,0.6275
swap.hostomel_2022__ypenburg_1940.lanchester.base,0.329
swap.hostomel_2022__ypenburg_1940.lanchester.full,0.738
swap.maleme_1941__heraklion_1941.crt.base,0.2075
swap.maleme_1941__heraklion_1941.crt.full,0.0275
swap.maleme_1941__heraklion_1941.lanchester.base,0.629
swap.maleme_1941__heraklion_1941.lanchester.full,0.027
swap.maleme_1941__hostomel_2022.crt.base,0.2075
swap.maleme_1941__hostomel_2022.crt.full,0.005
swap.maleme_1941__hostomel_2022.lanchester.base,0.629
swap.maleme_1941__hostomel_2022.lanchester.full,0.004
swap.maleme_1941__rethymno_1941.crt.base,0.2075
swap.maleme_1941__rethymno_1941.crt.full,0.0225
swap.maleme_1941__rethymno_1941.lanchester.base,0.629
swap.maleme_1941__rethymno_1941.lanchester.full,0.026
swap.maleme_1941__ypenburg_1940.crt.base,0.2075
swap.maleme_1941__ypenburg_1940.crt.full,0.0525
swap.maleme_1941__ypenburg_1940.lanchester.base,0.629
swap.maleme_1941__ypenburg_1940.lanchester.full,0.054
swap.rethymno_1941__maleme_1941.crt.base,0.025
swap.rethymno_1941__maleme_1941.crt.full,0.3725
swap.rethymno_1941__maleme_1941.lanchester.base,0.026
swap.rethymno_1941__maleme_1941.lanchester.full,0.608
swap.valkenburg_1940__ypenburg_1940.crt.base,0.98
swap.valkenburg_1940__ypenburg_1940.crt.full,0.7875
swap.valkenburg_1940__ypenburg_1940.lanchester.base,0.987
swap.valkenburg_1940__ypenburg_1940.lanchester.full,0.764
swap.ypenburg_1940__hostomel_2022.crt.base,0.0225
swap.ypenburg_1940__hostomel_2022.crt.full,0.01
swap.ypenburg_1940__hostomel_2022.lanchester.base,0.021
swap.ypenburg_1940__hostomel_2022.lanchester.full,0.007
swap.ypenburg_1940__maleme_1941.crt.base,0.0225
swap.ypenburg_1940__maleme_1941.crt.full,0.01
swap.ypenburg_1940__maleme_1941.lanchester.base,0.021
swap.ypenburg_1940__maleme_1941.lanchester.full,0.0
swap.ypenburg_1940__valkenburg_1940.crt.base,0.0225
swap.ypenburg_1940__valkenburg_1940.crt.full,0.065
swap.ypenburg_1940__valkenburg_1940.lanchester.base,0.021
swap.ypenburg_1940__valkenburg_1940.lanchester.full,0.044
